company,ticker,cik,filing_date,event_type,person_name,title,effective_date,earnings_company,earnings_cik,earnings_filing_date,earnings_period,earnings_revenue_reported,earnings_eps_diluted,earnings_net_income,earnings_revenue_unit,earnings_net_income_unit,days_to_nearest_earnings,event_timing
Apple Inc.,AAPL,0000320193,2025-12-05,appointment,Tim Cook,NOT_FOUND,NOT_FOUND,Apple Inc.,0000320193,2025-10-30,fiscal 2025 fourth quarter,102.5,1.85,27466,billion,million,36,after earnings
Apple Inc.,AAPL,0000320193,2025-12-05,departure,NOT_FOUND,NOT_FOUND,NOT_FOUND,Apple Inc.,0000320193,2025-10-30,fiscal 2025 fourth quarter,102.5,1.85,27466,billion,million,36,after earnings
Apple Inc.,AAPL,0000320193,2026-01-02,appointment,Ben Borders,NOT_FOUND,"January 1, 2026",Apple Inc.,0000320193,2026-01-29,fiscal 2026 first quarter,143.8,2.84,42097,billion,million,27,before earnings
Apple Inc.,AAPL,0000320193,2026-01-02,appointment,Chris Kondo,Principal Accounting Officer,"January 1, 2026",Apple Inc.,0000320193,2026-01-29,fiscal 2026 first quarter,143.8,2.84,42097,billion,million,27,before earnings
Apple Inc.,AAPL,0000320193,2026-04-20,appointment,John Ternus,Chief Executive Officer,"September 1, 2026",Apple Inc.,0000320193,2026-04-30,fiscal 2026 second quarter,111.2,2.01,29578,billion,million,10,before earnings
JPMorgan Chase & Co.,JPM,0000019617,2025-12-08,departure,NOT_FOUND,NOT_FOUND,"December 7, 2025",JPMorgan Chase & Co.,0000019617,2026-01-13,fourth quarter 2025,45.8,4.63,13.0,billion,billion,36,before earnings
JPMorgan Chase & Co.,JPM,0000019617,2025-12-08,appointment,NOT_FOUND,NOT_FOUND,"December 7, 2025",JPMorgan Chase & Co.,0000019617,2026-01-13,fourth quarter 2025,45.8,4.63,13.0,billion,billion,36,before earnings
JPMorgan Chase & Co.,JPM,0000019617,2026-01-22,departure,NOT_FOUND,NOT_FOUND,NOT_FOUND,JPMorgan Chase & Co.,0000019617,2026-01-13,fourth quarter 2025,45.8,4.63,13.0,billion,billion,9,after earnings
JPMorgan Chase & Co.,JPM,0000019617,2026-01-22,appointment,NOT_FOUND,NOT_FOUND,NOT_FOUND,JPMorgan Chase & Co.,0000019617,2026-01-13,fourth quarter 2025,45.8,4.63,13.0,billion,billion,9,after earnings
JPMorgan Chase & Co.,JPM,0000019617,2026-06-25,appointment,Doug Petno,Co-Presidents of the Firm,NOT_FOUND,JPMorgan Chase & Co.,0000019617,2026-07-14,second quarter 2026,57.3,7.70,21.2,billion,billion,19,before earnings
JPMorgan Chase & Co.,JPM,0000019617,2026-06-25,appointment,Troy Rohrbaugh,Co-Presidents of the Firm,NOT_FOUND,JPMorgan Chase & Co.,0000019617,2026-07-14,second quarter 2026,57.3,7.70,21.2,billion,billion,19,before earnings
JPMorgan Chase & Co.,JPM,0000019617,2026-06-25,departure,Marianne Lake,NOT_FOUND,NOT_FOUND,JPMorgan Chase & Co.,0000019617,2026-07-14,second quarter 2026,57.3,7.70,21.2,billion,billion,19,before earnings
Microsoft Corporation,MSFT,0000789019,2025-09-30,appointment,NOT_FOUND,NOT_FOUND,NOT_FOUND,Microsoft Corporation,0000789019,2025-10-29,"quarter ended september 30, 2025",77.7,3.72,27.7,billion,billion,29,before earnings
Microsoft Corporation,MSFT,0000789019,2025-12-08,appointment,NOT_FOUND,NOT_FOUND,NOT_FOUND,Microsoft Corporation,0000789019,2025-10-29,"quarter ended september 30, 2025",77.7,3.72,27.7,billion,billion,40,after earnings
Microsoft Corporation,MSFT,0000789019,2026-05-14,appointment,Carmine Di Sibio,NOT_FOUND,"May 13, 2026",Microsoft Corporation,0000789019,2026-04-29,"quarter ended march 31, 2026",82.9,4.27,31.8,billion,billion,15,after earnings
Microsoft Corporation,MSFT,0000789019,2026-06-05,appointment,NOT_FOUND,NOT_FOUND,NOT_FOUND,Microsoft Corporation,0000789019,2026-04-29,"quarter ended march 31, 2026",82.9,4.27,31.8,billion,billion,37,after earnings
NVIDIA Corporation,NVDA,0001045810,2026-01-23,appointment,NOT_FOUND,NOT_FOUND,NOT_FOUND,NVIDIA Corporation,0001045810,2026-02-25,fourth quarter and fiscal 2026,68.1,1.76,42960,billion,million,33,before earnings
NVIDIA Corporation,NVDA,0001045810,2026-01-23,departure,Persis Drell,NOT_FOUND,NOT_FOUND,NVIDIA Corporation,0001045810,2026-02-25,fourth quarter and fiscal 2026,68.1,1.76,42960,billion,million,33,before earnings
NVIDIA Corporation,NVDA,0001045810,2026-03-06,appointment,NOT_FOUND,NOT_FOUND,NOT_FOUND,NVIDIA Corporation,0001045810,2026-02-25,fourth quarter and fiscal 2026,68.1,1.76,42960,billion,million,9,after earnings
NVIDIA Corporation,NVDA,0001045810,2026-04-27,departure,Donald Robertson,Vice President,"May 4, 2026",NVIDIA Corporation,0001045810,2026-05-20,first quarter fiscal 2027,81.6,2.39,58321,billion,million,23,before earnings
NVIDIA Corporation,NVDA,0001045810,2026-04-27,appointment,Scott Gawel,NOT_FOUND,"May 4, 2026",NVIDIA Corporation,0001045810,2026-05-20,first quarter fiscal 2027,81.6,2.39,58321,billion,million,23,before earnings
NVIDIA Corporation,NVDA,0001045810,2026-05-08,appointment,Suzanne Nora Johnson,Director,"July 13, 2026",NVIDIA Corporation,0001045810,2026-05-20,first quarter fiscal 2027,81.6,2.39,58321,billion,million,12,before earnings
NVIDIA Corporation,NVDA,0001045810,2026-07-02,departure,NOT_FOUND,NOT_FOUND,NOT_FOUND,NVIDIA Corporation,0001045810,2026-05-20,first quarter fiscal 2027,81.6,2.39,58321,billion,million,43,after earnings
NVIDIA Corporation,NVDA,0001045810,2026-07-02,appointment,Nicholas Parker,Executive Vice President,"August 24, 2026",NVIDIA Corporation,0001045810,2026-05-20,first quarter fiscal 2027,81.6,2.39,58321,billion,million,43,after earnings
Walmart Inc.,WMT,0000104169,2025-10-22,appointment,Dwayne Milum,Senior Vice President and Controller of Walmart Inc,"February 1, 2026",Walmart Inc.,0000104169,2025-11-20,third quarter,179.5,0.77,6143,billion,million,29,before earnings
Walmart Inc.,WMT,0000104169,2025-10-22,departure,NOT_FOUND,NOT_FOUND,"February 1, 2026",Walmart Inc.,0000104169,2025-11-20,third quarter,179.5,0.77,6143,billion,million,29,before earnings
Walmart Inc.,WMT,0000104169,2025-11-14,appointment,NOT_FOUND,NOT_FOUND,"February 1, 2026",Walmart Inc.,0000104169,2025-11-20,third quarter,179.5,0.77,6143,billion,million,6,same week
Walmart Inc.,WMT,0000104169,2025-11-14,departure,NOT_FOUND,NOT_FOUND,"February 1, 2026",Walmart Inc.,0000104169,2025-11-20,third quarter,179.5,0.77,6143,billion,million,6,same week
Walmart Inc.,WMT,0000104169,2026-01-08,appointment,Shishir Mehrotra,Director,"January 8, 2026",Walmart Inc.,0000104169,2026-02-19,fourth quarter,190.7,0.53,4237,billion,million,42,before earnings
Walmart Inc.,WMT,0000104169,2026-01-16,appointment,David Guggina,Executive Vice President,"February 1, 2026",Walmart Inc.,0000104169,2026-02-19,fourth quarter,190.7,0.53,4237,billion,million,34,before earnings
Walmart Inc.,WMT,0000104169,2026-01-16,appointment,John Furner,NOT_FOUND,"February 1, 2026",Walmart Inc.,0000104169,2026-02-19,fourth quarter,190.7,0.53,4237,billion,million,34,before earnings
Walmart Inc.,WMT,0000104169,2026-01-16,departure,Kathryn McLay,NOT_FOUND,"February 1, 2026",Walmart Inc.,0000104169,2026-02-19,fourth quarter,190.7,0.53,4237,billion,million,34,before earnings
Walmart Inc.,WMT,0000104169,2026-01-16,appointment,Christopher Nicholas,Executive Vice President,"February 1, 2026",Walmart Inc.,0000104169,2026-02-19,fourth quarter,190.7,0.53,4237,billion,million,34,before earnings
Walmart Inc.,WMT,0000104169,2026-01-16,appointment,Latriece Watkins,Executive Vice President,"February 1, 2026",Walmart Inc.,0000104169,2026-02-19,fourth quarter,190.7,0.53,4237,billion,million,34,before earnings
